Date,Name,Year,Letterboxd URI
2016-11-13,12 Angry Men,1957,https://boxd.it/2auI
2016-11-13,The Tree of Life,2011,https://boxd.it/1Zu8
2016-11-13,Death of a Shadow,2012,https://boxd.it/4F9K
2016-11-15,Valhalla Rising,2009,https://boxd.it/17lc
2016-12-04,My Own Private Idaho,1991,https://boxd.it/2ak4
2016-12-04,THX 1138,1971,https://boxd.it/29Ww
2016-12-04,Oldboy,2003,https://boxd.it/29R2
2016-12-04,Annie Hall,1977,https://boxd.it/29M2
2016-12-04,Batman: Under the Red Hood,2010,https://boxd.it/11eE
2016-12-04,Chinatown,1974,https://boxd.it/29vU
2016-12-04,Clerks,1994,https://boxd.it/2706
2016-12-04,Dirty Harry,1971,https://boxd.it/299E
2016-12-04,Dog Day Afternoon,1975,https://boxd.it/29bg
2016-12-04,Dr. Strangelove or: How I Learned to Stop Worrying and Love the Bomb,1964,https://boxd.it/29eY
2016-12-04,Dredd,2012,https://boxd.it/GZE
2016-12-04,Drive,2011,https://boxd.it/IG
2016-12-04,Fargo,1996,https://boxd.it/2aHM
2016-12-04,In Bruges,2008,https://boxd.it/20n8
2016-12-04,Infinitely Polar Bear,2014,https://boxd.it/7bne
2016-12-04,Inside Out,2015,https://boxd.it/4KHC
2016-12-04,Mad Max: Fury Road,2015,https://boxd.it/2DjO
2016-12-04,Mystic River,2003,https://boxd.it/2aAG
2016-12-04,Pulp Fiction,1994,https://boxd.it/29Pq
2016-12-04,Revolutionary Road,2008,https://boxd.it/24Le
2016-12-04,Serpico,1973,https://boxd.it/1ZjE
2016-12-04,Shame,2011,https://boxd.it/2CxU
2016-12-04,Taxi Driver,1976,https://boxd.it/2b8y
2016-12-04,The Big Short,2015,https://boxd.it/ajZw
2016-12-04,The Informant!,2009,https://boxd.it/1U8c
2016-12-04,The Lobster,2015,https://boxd.it/7tnw
2016-12-04,The Revenant,2015,https://boxd.it/8H5e
2016-12-04,The Shining,1980,https://boxd.it/29Nu
2016-12-04,The Martian,2015,https://boxd.it/8SeG
2016-12-04,True Grit,2010,https://boxd.it/Sog
2016-12-04,Whiplash,2014,https://boxd.it/7bQA
2016-12-04,X-Men: Days of Future Past,2014,https://boxd.it/4aRw
2016-12-04,Zodiac,2007,https://boxd.it/27MO
2016-12-04,Anomalisa,2015,https://boxd.it/97TE
2016-12-04,The Jungle Book,2016,https://boxd.it/8wjk
2016-12-04,The Damned United,2009,https://boxd.it/1ByU
2016-12-04,A History of Violence,2005,https://boxd.it/2bfa
2016-12-04,Carrie,1976,https://boxd.it/20ZQ
2016-12-04,Circle,2015,https://boxd.it/b5So
2016-12-04,Coherence,2013,https://boxd.it/6xza
2016-12-04,Dawn of the Dead,1978,https://boxd.it/29gU
2016-12-04,Deep Red,1975,https://boxd.it/1E1E
2016-12-04,Eastern Promises,2007,https://boxd.it/275q
2016-12-04,Frank,2014,https://boxd.it/5hII
2016-12-04,Fruitvale Station,2013,https://boxd.it/4VRy
2016-12-04,Halloween,1978,https://boxd.it/2wRu
2016-12-04,Hell or High Water,2016,https://boxd.it/bfGM
2016-12-04,Invasion of the Body Snatchers,1978,https://boxd.it/1SWk
2016-12-04,Jacob's Ladder,1990,https://boxd.it/270g
2016-12-04,My Neighbor Totoro,1988,https://boxd.it/20eA
2016-12-04,Rosemary's Baby,1968,https://boxd.it/29zM
2016-12-04,Suspiria,1977,https://boxd.it/1SNW
2016-12-04,Swiss Army Man,2016,https://boxd.it/bDG2
2016-12-04,The Lord of the Rings: The Fellowship of the Ring,2001,https://boxd.it/2b5O
2016-12-04,Her,2013,https://boxd.it/4O24
2016-12-07,Westworld,1973,https://boxd.it/26RS
2016-12-12,Manhunter,1986,https://boxd.it/1TOw
2016-12-12,Hunt for the Wilderpeople,2016,https://boxd.it/cTgG
2016-12-12,Carnival of Souls,1962,https://boxd.it/1KQ4
2016-12-12,The Birds,1963,https://boxd.it/2a6m
2016-12-12,House on Haunted Hill,1959,https://boxd.it/1Ln8
2016-12-12,One Flew Over the Cuckoo's Nest,1975,https://boxd.it/2aeA
2016-12-12,GoodFellas,1990,https://boxd.it/29FA
2016-12-12,Unforgiven,1992,https://boxd.it/6Z4
2016-12-12,The Grand Budapest Hotel,2014,https://boxd.it/3ZqO
2016-12-12,Paths of Glory,1957,https://boxd.it/29b6
2016-12-18,They Live,1988,https://boxd.it/20lm
2016-12-18,Six Shooter,2004,https://boxd.it/1wlG
2016-12-18,Hacksaw Ridge,2016,https://boxd.it/azew
2016-12-22,Star Trek: The Motion Picture,1979,https://boxd.it/2b0O
2016-12-22,Eraserhead,1977,https://boxd.it/299u
2016-12-25,Star Trek II: The Wrath of Khan,1982,https://boxd.it/2b0u
2016-12-25,Hiroshima Mon Amour,1959,https://boxd.it/22WY
2016-12-26,Re-Animator,1985,https://boxd.it/28hM
2016-12-26,The Texas Chain Saw Massacre,1974,https://boxd.it/1lcS
2016-12-26,Fight Club,1999,https://boxd.it/2a9q
2016-12-26,Shaun of the Dead,2004,https://boxd.it/29J8
2016-12-26,Trainspotting,1996,https://boxd.it/29XY
2016-12-26,American Psycho,2000,https://boxd.it/28Vs
2017-01-01,The Cabinet of Dr. Caligari,1920,https://boxd.it/2aOo
2017-01-01,Nosferatu,1922,https://boxd.it/29TM
2017-01-01,Evil Dead II,1987,https://boxd.it/29Ge
2017-01-01,Locke,2013,https://boxd.it/6hHC
2017-01-01,City Lights,1931,https://boxd.it/29ki
2017-01-01,Reservoir Dogs,1992,https://boxd.it/2agc
2017-01-01,No Country for Old Men,2007,https://boxd.it/21ew
2017-01-01,The Usual Suspects,1995,https://boxd.it/29XE
2017-01-01,Star Wars,1977,https://boxd.it/72s
2017-01-01,The Empire Strikes Back,1980,https://boxd.it/27Vw
2017-01-01,Return of the Jedi,1983,https://boxd.it/27Vm
2017-01-01,The Invitation,2015,https://boxd.it/9OUU
2017-01-01,Ferris Bueller's Day Off,1986,https://boxd.it/1YPY
2017-01-01,Dazed and Confused,1993,https://boxd.it/1Ylk
2017-01-01,The Lincoln Lawyer,2011,https://boxd.it/DRM
2017-01-01,Killer Joe,2011,https://boxd.it/2vtQ
2017-01-01,Mud,2012,https://boxd.it/3wPA
2017-01-01,The Sea of Trees,2015,https://boxd.it/987m
2017-01-01,Interstellar,2014,https://boxd.it/4VZ8
2017-01-01,Inception,2010,https://boxd.it/1skk
2017-01-01,The Prestige,2006,https://boxd.it/293w
2017-01-01,Batman Begins,2005,https://boxd.it/2aIg
2017-01-01,The Dark Knight,2008,https://boxd.it/2b0k
2017-01-01,The Dark Knight Rises,2012,https://boxd.it/H3m
2017-01-01,Shutter Island,2010,https://boxd.it/1U82
2017-01-01,Jurassic Park,1993,https://boxd.it/2aA2
2017-01-01,Jurassic World,2015,https://boxd.it/4n0g
2017-01-01,Harry Potter and the Philosopher's Stone,2001,https://boxd.it/29QS
2017-01-01,Harry Potter and the Chamber of Secrets,2002,https://boxd.it/29QI
2017-01-01,Harry Potter and the Prisoner of Azkaban,2004,https://boxd.it/29Qy
2017-01-01,Harry Potter and the Goblet of Fire,2005,https://boxd.it/29Qo
2017-01-01,Harry Potter and the Order of the Phoenix,2007,https://boxd.it/29Qe
2017-01-01,Harry Potter and the Half-Blood Prince,2009,https://boxd.it/29FU
2017-01-01,Harry Potter and the Deathly Hallows: Part 1,2010,https://boxd.it/1RYu
2017-01-01,Harry Potter and the Deathly Hallows: Part 2,2011,https://boxd.it/1RYk
2017-01-01,The Lord of the Rings: The Two Towers,2002,https://boxd.it/2b5E
2017-01-01,The Lord of the Rings: The Return of the King,2003,https://boxd.it/2b5u
2017-01-01,Eternal Sunshine of the Spotless Mind,2004,https://boxd.it/6YK
2017-01-01,The Avengers,2012,https://boxd.it/1xFW
2017-01-01,Captain America: The Winter Soldier,2014,https://boxd.it/3r58
2017-01-01,Punch-Drunk Love,2002,https://boxd.it/20E4
2017-01-02,"Synecdoche, New York",2008,https://boxd.it/23zw
2017-01-02,Django Unchained,2012,https://boxd.it/2cCk
2017-01-02,Jackie Brown,1997,https://boxd.it/2aVO
2017-01-02,Kill Bill: Vol. 1,2003,https://boxd.it/70w
2017-01-02,Vincent,1982,https://boxd.it/1hLa
2017-01-02,Inside Llewyn Davis,2013,https://boxd.it/34Ro
2017-01-02,Pineapple Express,2008,https://boxd.it/1WRS
2017-01-02,This Is the End,2013,https://boxd.it/3GB4
2017-01-02,Superbad,2007,https://boxd.it/20hO
2017-01-02,Frailty,2001,https://boxd.it/1Sqe
2017-01-02,Dallas Buyers Club,2013,https://boxd.it/4O8G
2017-01-02,Birdman or (The Unexpected Virtue of Ignorance),2014,https://boxd.it/5RFA
2017-01-02,Star Wars: Episode I – The Phantom Menace,1999,https://boxd.it/27Vc
2017-01-02,Star Wars: Episode II – Attack of the Clones,2002,https://boxd.it/27V2
2017-01-02,Star Wars: Episode III – Revenge of the Sith,2005,https://boxd.it/27US
2017-01-02,We Need to Talk About Kevin,2011,https://boxd.it/2pTS
2017-01-02,Beverly Hills Cop,1984,https://boxd.it/2baE
2017-01-02,Chaos,2005,https://boxd.it/238A
2017-01-02,Four Rooms,1995,https://boxd.it/73g
2017-01-02,True Romance,1993,https://boxd.it/2aBa
2017-01-02,Full Frontal,2002,https://boxd.it/1MEu
2017-01-02,The Wicker Man,1973,https://boxd.it/1KnG
2017-01-02,Gone Girl,2014,https://boxd.it/6hQu
2017-01-02,Nightcrawler,2014,https://boxd.it/780m
2017-01-02,The Shawshank Redemption,1994,https://boxd.it/2aHi
2017-01-02,The Sixth Sense,1999,https://boxd.it/29Js
2017-01-02,Unbreakable,2000,https://boxd.it/1XV2
2017-01-02,The Silence of the Lambs,1991,https://boxd.it/2aHW
2017-01-02,Pirates of the Caribbean: The Curse of the Black Pearl,2003,https://boxd.it/70G
2017-01-02,Pirates of the Caribbean: Dead Man's Chest,2006,https://boxd.it/2bfk
2017-01-02,Pirates of the Caribbean: At World's End,2007,https://boxd.it/2aGu
2017-01-02,Pirates of the Caribbean: On Stranger Tides,2011,https://boxd.it/27Z4
2017-01-02,The Terminator,1984,https://boxd.it/2aQY
2017-01-02,Terminator 2: Judgment Day,1991,https://boxd.it/2aGY
2017-01-02,Predator,1987,https://boxd.it/2b84
2017-01-02,Rocky,1976,https://boxd.it/28Uk
2017-01-02,Rocky II,1979,https://boxd.it/28Ua
2017-01-02,Rocky III,1982,https://boxd.it/28Tw
2017-01-02,Rocky IV,1985,https://boxd.it/28T2
2017-01-02,First Blood,1982,https://boxd.it/28U0
2017-01-02,Bloodsport,1988,https://boxd.it/1Tee
2017-01-02,Hostage,2005,https://boxd.it/27Bc
2017-01-02,Panic Room,2002,https://boxd.it/2490
2017-01-02,Se7en,1995,https://boxd.it/29zs
2017-01-02,Foxcatcher,2014,https://boxd.it/35Di
2017-01-02,The Marine,2006,https://boxd.it/1Zt0
2017-01-02,The Condemned,2007,https://boxd.it/1NGw
2017-01-02,12 Rounds,2009,https://boxd.it/1J9e
2017-01-02,Star Trek Into Darkness,2013,https://boxd.it/uYE
2017-01-02,World War Z,2013,https://boxd.it/2p2E
2017-01-02,Friday the 13th Part 2,1981,https://boxd.it/1XXC
2017-01-02,A Nightmare on Elm Street,2010,https://boxd.it/1zdg
2017-01-02,Begin Again,2013,https://boxd.it/5Ybs
2017-01-02,Home Alone,1990,https://boxd.it/29Fg
2017-01-02,Home Alone 2: Lost in New York,1992,https://boxd.it/29F6
2017-01-02,Home Alone 3,1997,https://boxd.it/1XZ4
2017-01-02,Home Alone 4,2002,https://boxd.it/1RLA
2017-01-02,Ri¢hie Ri¢h,1994,https://boxd.it/1URw
2017-01-02,The Lion King,1994,https://boxd.it/201Q
2017-01-02,The Lost World: Jurassic Park,1997,https://boxd.it/2azS
2017-01-02,Jurassic Park III,2001,https://boxd.it/2azI
2017-01-02,Star Wars: The Force Awakens,2015,https://boxd.it/4vru
2017-01-02,Real Steel,2011,https://boxd.it/147m
2017-01-02,The Karate Kid,2010,https://boxd.it/15HA
2017-01-02,The Pursuit of Happyness,2006,https://boxd.it/28PE
2017-01-02,"I, Robot",2004,https://boxd.it/27y8
2017-01-02,Hancock,2008,https://boxd.it/1Zv6
2017-01-02,Men in Black,1997,https://boxd.it/2a0I
2017-01-02,Men in Black 3,2012,https://boxd.it/103U
2017-01-02,Don't Move,2013,https://boxd.it/5KS8
2017-01-02,Bear Story,2014,https://boxd.it/bPRm
2017-01-02,Paperman,2012,https://boxd.it/4uYW
2017-01-02,Logorama,2009,https://boxd.it/1hck
2017-01-02,The Green Mile,1999,https://boxd.it/2agG
2017-01-02,The Terminal,2004,https://boxd.it/2a2O
2017-01-02,The Tourist,2010,https://boxd.it/17Hs
2017-01-02,The Day After Tomorrow,2004,https://boxd.it/2aog
2017-01-02,The Day the Earth Stood Still,2008,https://boxd.it/1WQ6
2017-01-02,X-Men: First Class,2011,https://boxd.it/FOA
2017-01-02,X-Men: Apocalypse,2016,https://boxd.it/7eJi
2017-01-02,X-Men,2000,https://boxd.it/1a7s
2017-01-02,X2,2003,https://boxd.it/1a7i
2017-01-02,X-Men: The Last Stand,2006,https://boxd.it/1a5Q
2017-01-02,Taken,2008,https://boxd.it/1ZXa
2017-01-02,The Grey,2011,https://boxd.it/2xZE
2017-01-02,Skyfall,2012,https://boxd.it/17Fc
2017-01-02,Knocked Up,2007,https://boxd.it/23yS
2017-01-02,You Don't Know Jack,2010,https://boxd.it/19qe
2017-01-02,Transformers,2007,https://boxd.it/280c
2017-01-02,Transformers: Revenge of the Fallen,2009,https://boxd.it/20gG
2017-01-02,Transformers: Dark of the Moon,2011,https://boxd.it/16aC
2017-01-02,Blue Streak,1999,https://boxd.it/1UT8
2017-01-02,Training Day,2001,https://boxd.it/27A4
2017-01-02,The Magnificent Seven,2016,https://boxd.it/aZAy
2017-01-02,Contraband,2012,https://boxd.it/2Hj4
2017-01-02,Dark Shadows,2012,https://boxd.it/bQ2
2017-01-02,Watchmen,2009,https://boxd.it/1QE4
2017-01-02,The Infinite Man,2014,https://boxd.it/7qNm
2017-01-05,Don Jon,2013,https://boxd.it/4sdk
2017-01-05,The 40 Year Old Virgin,2005,https://boxd.it/21hK
2017-01-05,21 Jump Street,2012,https://boxd.it/J0
2017-01-05,22 Jump Street,2014,https://boxd.it/5Fvy
2017-01-06,Rams,2015,https://boxd.it/b7cO
2017-01-06,Fantastic Mr. Fox,2009,https://boxd.it/1WyQ
2017-01-06,When Angels Fall,1959,https://boxd.it/4KMM
2017-01-06,Two Men and a Wardrobe,1958,https://boxd.it/Gig
2017-01-09,Pusher,1996,https://boxd.it/27wG
2017-01-09,Pusher II,2004,https://boxd.it/1U7y
2017-01-09,Manhattan,1979,https://boxd.it/29Na
2017-01-09,Monty Python and the Holy Grail,1975,https://boxd.it/29GI
2017-01-09,Chronicle,2012,https://boxd.it/2Emk
2017-01-09,The Hobbit: An Unexpected Journey,2012,https://boxd.it/GZk
2017-01-09,The Hobbit: The Desolation of Smaug,2013,https://boxd.it/nmS
2017-01-09,The Hobbit: The Battle of the Five Armies,2014,https://boxd.it/43aU
2017-01-09,Udaan,2010,https://boxd.it/PPe
2017-01-17,Le Samouraï,1967,https://boxd.it/22ZI
2017-01-17,A Bay of Blood,1971,https://boxd.it/232i
2017-01-17,The Seventh Seal,1957,https://boxd.it/2ahO
2017-01-17,The Bridges of Madison County,1995,https://boxd.it/29Os
2017-02-05,I Love You Phillip Morris,2009,https://boxd.it/1ZvK
2017-02-05,Paterson,2016,https://boxd.it/cRk2
2017-02-05,I Am Not a Serial Killer,2016,https://boxd.it/dg6E
2017-02-05,The Uninvited,1944,https://boxd.it/1KeO
2017-02-05,La Haine,1995,https://boxd.it/2as8
2017-02-05,The 400 Blows,1959,https://boxd.it/2b1C
2017-02-05,Night of the Living Dead,1968,https://boxd.it/1WwA
2017-02-05,My Darling Clementine,1946,https://boxd.it/25LE
2017-03-04,Frankenstein,1931,https://boxd.it/25Te
2017-07-04,Blood and Black Lace,1964,https://boxd.it/1qme
2017-07-05,The Thing,1982,https://boxd.it/294O
2017-07-05,Zombie Flesh Eaters,1979,https://boxd.it/217q
2017-07-07,Burial Ground,1981,https://boxd.it/1wMC
2017-07-11,Harakiri,1962,https://boxd.it/1NTU
2017-07-11,Ghost Dog: The Way of the Samurai,1999,https://boxd.it/23Ne
2017-07-11,The Spirit of the Beehive,1973,https://boxd.it/24eY
2017-07-11,The Beekeeper,1986,https://boxd.it/J1C
2017-07-11,To the Wonder,2012,https://boxd.it/gpU
2017-07-11,The Elephant Man,1980,https://boxd.it/27LQ
2017-07-12,Plan 9 from Outer Space,1957,https://boxd.it/1W50
2017-07-15,Paprika,2006,https://boxd.it/23wW
2017-07-15,The Neon Demon,2016,https://boxd.it/9AnW
2017-07-28,Au Hasard Balthazar,1966,https://boxd.it/1E3g
2017-07-28,Dunkirk,2017,https://boxd.it/d0Y6
2017-07-28,Perfume: The Story of a Murderer,2006,https://boxd.it/28LW
2017-08-14,Andrei Rublev,1966,https://boxd.it/29lg
2017-08-14,Liverpool,2008,https://boxd.it/3sdi
2017-08-14,Manchester by the Sea,2016,https://boxd.it/b2L0
2017-08-14,Blow-Up,1966,https://boxd.it/2966
2017-08-14,Badlands,1973,https://boxd.it/25Fm
2017-08-14,Pieces,1982,https://boxd.it/JEa
2017-08-14,Phantasm,1979,https://boxd.it/1YaG
2017-08-14,The Texas Chainsaw Massacre 2,1986,https://boxd.it/1Kk8
2017-08-14,Young Frankenstein,1974,https://boxd.it/25To
2017-08-14,Ratatouille,2007,https://boxd.it/27ww
2017-08-14,Half Nelson,2006,https://boxd.it/20Ng
2017-08-14,John Wick,2014,https://boxd.it/7dEc
2017-08-14,John Wick: Chapter 2,2017,https://boxd.it/ayGu
2017-08-14,The Killing,1956,https://boxd.it/2aMi
2017-08-14,Stand by Me,1986,https://boxd.it/2aOe
2017-08-14,The Night of the Hunter,1955,https://boxd.it/25HW
2017-08-14,An Occurrence at Owl Creek Bridge,1961,https://boxd.it/x4O
2017-08-14,The Blob,1958,https://boxd.it/1ZKA
2017-08-14,All the President's Men,1976,https://boxd.it/29lU
2017-08-14,Raging Bull,1980,https://boxd.it/28yI
2017-08-14,The General,1926,https://boxd.it/29co
2017-08-14,Sherlock Jr.,1924,https://boxd.it/298m
2017-08-14,Blade Runner,1982,https://boxd.it/2bcA
2017-08-14,The House by the Cemetery,1981,https://boxd.it/1oNi
2017-08-14,City of the Living Dead,1980,https://boxd.it/1wMs
2017-08-14,The Beyond,1981,https://boxd.it/1FtY
2017-08-14,Phenomena,1985,https://boxd.it/1o4s
2017-09-16,Mulholland Drive,2001,https://boxd.it/297o
2017-09-16,Insomnia,1997,https://boxd.it/1txk
2017-09-16,Berberian Sound Studio,2012,https://boxd.it/3T30
2017-09-16,A Simple Plan,1998,https://boxd.it/1WMo
2017-09-16,Wake in Fright,1971,https://boxd.it/1tWk
2017-09-16,Man Bites Dog,1992,https://boxd.it/1X7Q
2017-09-16,Perfect Blue,1997,https://boxd.it/1W7A
2017-09-16,Memories of Murder,2003,https://boxd.it/1TSo
2017-09-16,Night Moves,1975,https://boxd.it/1hRM
2017-09-16,Videodrome,1983,https://boxd.it/29uC
2017-09-16,Take Shelter,2011,https://boxd.it/DQ
2017-09-16,Rear Window,1954,https://boxd.it/2a6Q
2017-09-16,Blue Ruin,2013,https://boxd.it/5H8G
2017-09-16,Triangle,2009,https://boxd.it/1tQG
2017-09-16,Eyes Without a Face,1960,https://boxd.it/1j9i
2017-09-16,The Other,1972,https://boxd.it/1cvw
2017-09-16,The Blair Witch Project,1999,https://boxd.it/26ua
2017-09-16,Rope,1948,https://boxd.it/28yo
2017-09-16,Nocturnal Animals,2016,https://boxd.it/bkFu
2017-09-16,Black Narcissus,1947,https://boxd.it/1Kce
2017-09-16,Don't Look Now,1973,https://boxd.it/29fC
2017-09-16,Blue Velvet,1986,https://boxd.it/29BI
2017-09-16,Hour of the Wolf,1968,https://boxd.it/1H9G
2017-09-16,Primal Fear,1996,https://boxd.it/28ws
2017-10-03,Amour,2012,https://boxd.it/34Q6
2017-10-03,Goodnight Mommy,2014,https://boxd.it/8Niy
2017-10-03,Hellbound: Hellraiser II,1988,https://boxd.it/1ZfW
2017-11-14,Room,2015,https://boxd.it/7T0y
2017-11-14,Chungking Express,1994,https://boxd.it/1UDa
2017-11-14,Fallen Angels,1995,https://boxd.it/1UkW
2017-11-14,In the Mood for Love,2000,https://boxd.it/29tE
2017-11-14,Scorpio Rising,1963,https://boxd.it/Mks
2017-11-14,Angst,1983,https://boxd.it/1G46
2017-11-14,Nekromantik,1988,https://boxd.it/1T0w
2017-11-14,The Boxer's Omen,1983,https://boxd.it/Gx6
2017-11-14,At Midnight I'll Take Your Soul,1964,https://boxd.it/1kje
2017-11-14,Carne,1991,https://boxd.it/28Ak
2017-11-14,Prince of Darkness,1987,https://boxd.it/1ZKq
2017-11-14,Rabid,1977,https://boxd.it/1nuk
2017-11-14,Ordet,1955,https://boxd.it/Jiy
2017-11-14,Dante's Inferno,1911,https://boxd.it/2tlK
2017-11-14,Thor: Ragnarok,2017,https://boxd.it/8MHi
2017-11-14,Blade Runner 2049,2017,https://boxd.it/b8wK
2017-11-14,Assault on Precinct 13,1976,https://boxd.it/1I2c
2017-11-14,Demons,1985,https://boxd.it/1OTQ
2017-11-14,Inferno,1980,https://boxd.it/1KbK
2017-11-14,Opera,1987,https://boxd.it/1E2M
2017-11-14,Six Men Getting Sick,1967,https://boxd.it/HDu
2017-11-14,The Amputee,1974,https://boxd.it/HtO
2017-11-14,Only God Forgives,2013,https://boxd.it/2HBs
2017-11-14,Blue Valentine,2010,https://boxd.it/MxG
2017-11-14,Lars and the Real Girl,2007,https://boxd.it/21tG
2017-11-14,The Master,2012,https://boxd.it/2cBG
2017-11-14,Dear Zachary: A Letter to a Son About His Father,2008,https://boxd.it/1LW8
2017-12-13,After Hours,1985,https://boxd.it/1VfS
2017-12-13,Vampire's Kiss,1988,https://boxd.it/21aY
2017-12-13,High and Low,1963,https://boxd.it/1RSc
2017-12-13,Throne of Blood,1957,https://boxd.it/251w
2019-10-18,The Godfather,1972,https://boxd.it/2aNK
2019-10-18,The Godfather Part II,1974,https://boxd.it/2aNq
2019-10-18,The Untouchables,1987,https://boxd.it/2b6i
2019-10-18,King of New York,1990,https://boxd.it/1Ynq
2019-10-18,Mean Streets,1973,https://boxd.it/2aSU
2019-10-18,Thief,1981,https://boxd.it/1TEc
2019-10-18,Sleepers,1996,https://boxd.it/29xw
2019-10-18,Death Wish,1974,https://boxd.it/1P5i
2019-10-18,Frenzy,1972,https://boxd.it/2a62
2019-10-18,Once Upon a Time in America,1984,https://boxd.it/2aCs
2019-10-18,For a Few Dollars More,1965,https://boxd.it/29eu
2019-10-18,Joker,2019,https://boxd.it/h4cS
2019-10-18,Lone Wolf and Cub: Baby Cart at the River Styx,1972,https://boxd.it/1I2Q
2019-10-18,Blood Simple,1984,https://boxd.it/1U16
2019-10-18,Heat,1995,https://boxd.it/2bg8
2019-10-18,The Burning,1981,https://boxd.it/1ygS
2019-10-18,Kiss Kiss Bang Bang,2005,https://boxd.it/23c8
2019-10-18,Parasite,2019,https://boxd.it/hTha
2019-10-18,The Disaster Artist,2017,https://boxd.it/cTqc
2019-10-18,Straight Time,1978,https://boxd.it/1zgu
2019-10-18,Thank You for Smoking,2005,https://boxd.it/1YOc
2019-10-18,Lone Wolf and Cub: Baby Cart to Hades,1972,https://boxd.it/ZhQ
2019-10-18,The Fly,1986,https://boxd.it/1YIe
2019-10-18,El Camino: A Breaking Bad Movie,2019,https://boxd.it/kv0q
2019-10-18,99 Homes,2014,https://boxd.it/8KuG
2019-10-22,Lady Snowblood,1973,https://boxd.it/26Fi
2019-10-22,13 Assassins,2010,https://boxd.it/jqc
2019-10-22,The Tale of Zatoichi,1962,https://boxd.it/1JMq
2019-10-22,The Tale of Zatoichi Continues,1962,https://boxd.it/1JMg
2019-10-30,New Tale of Zatoichi,1963,https://boxd.it/1GOS
2019-10-30,The Insider,1999,https://boxd.it/1ZoE
2019-10-30,The Young and the Damned,1950,https://boxd.it/29AA
2019-11-03,The Exterminating Angel,1962,https://boxd.it/1nRS
2019-11-03,The Discreet Charm of the Bourgeoisie,1972,https://boxd.it/2440
2019-11-03,A Fistful of Dollars,1964,https://boxd.it/2auo
2019-11-03,Solaris,1972,https://boxd.it/2a2Y
2019-11-03,Tenebre,1982,https://boxd.it/1mRM
2019-11-03,The Bird with the Crystal Plumage,1970,https://boxd.it/1DDW
2019-11-03,The Cat o' Nine Tails,1971,https://boxd.it/1rPm
2019-11-03,Four Flies on Grey Velvet,1971,https://boxd.it/1kN4
2019-11-03,Big Trouble in Little China,1986,https://boxd.it/21em
2019-11-03,Escape from New York,1981,https://boxd.it/294k
2019-11-03,The Fog,1980,https://boxd.it/29Cc
2019-11-03,Scanners,1981,https://boxd.it/1YqE
2019-11-03,Dead Ringers,1988,https://boxd.it/1Yqk
2019-11-03,eXistenZ,1999,https://boxd.it/27Ni
2019-11-03,The Brood,1979,https://boxd.it/1ovS
2019-11-03,The Dead Zone,1983,https://boxd.it/1U6g
2019-11-03,Shivers,1975,https://boxd.it/1rPG
2019-11-03,Hunger,2008,https://boxd.it/1Wso
2019-11-03,The Town,2010,https://boxd.it/1zyS
2019-11-03,Gone Baby Gone,2007,https://boxd.it/23R6
2019-11-03,The King of Comedy,1982,https://boxd.it/2aJS
2019-11-03,Sorry to Bother You,2018,https://boxd.it/f21E
2019-11-03,BlacKkKlansman,2018,https://boxd.it/hxL8
2019-11-03,Once Upon a Time... in Hollywood,2019,https://boxd.it/gH0O
2019-11-03,John Wick: Chapter 3 – Parabellum,2019,https://boxd.it/gmFw
2019-11-03,Bunny Lake Is Missing,1965,https://boxd.it/27NW
2019-11-03,Twin Peaks: Fire Walk with Me,1992,https://boxd.it/27Qw
2019-11-03,Twin Peaks,1989,https://boxd.it/g8pk
2019-11-03,Twin Peaks: The Return,2017,https://boxd.it/hN9O
2019-11-03,October,2018,https://boxd.it/hUvi
2019-11-03,Andhadhun,2018,https://boxd.it/jtfc
2019-11-03,Ee.Ma.Yau.,2018,https://boxd.it/hEtq
2019-11-03,Tumbbad,2018,https://boxd.it/jDZk
2019-11-03,The Lion King,2019,https://boxd.it/eSjI
2019-11-03,It Chapter Two,2019,https://boxd.it/h10u
2019-11-03,Spider-Man: Into the Spider-Verse,2018,https://boxd.it/azpY
2019-11-03,Spider-Man: Far From Home,2019,https://boxd.it/fegG
2019-11-03,Article 15,2019,https://boxd.it/m0mO
2019-11-03,Spider-Man,2002,https://boxd.it/2a8i
2019-11-03,Spider-Man 2,2004,https://boxd.it/2a88
2019-11-03,Spider-Man 3,2007,https://boxd.it/2a7Y
2019-11-03,Mission: Impossible – Fallout,2018,https://boxd.it/bSVc
2019-11-03,Tropic Thunder,2008,https://boxd.it/20WM
2019-11-03,Moonlight,2016,https://boxd.it/d6bE
2019-11-03,Lost in Translation,2003,https://boxd.it/2b0E
2019-11-03,Eternity and a Day,1998,https://boxd.it/1wSq
2019-11-03,Ace in the Hole,1951,https://boxd.it/1vXk
2019-11-03,Amores Perros,2000,https://boxd.it/2bfu
2019-11-03,The Ballad of Buster Scruggs,2018,https://boxd.it/jB2q
2019-11-03,Z,1969,https://boxd.it/26pY
2019-11-03,Days of Heaven,1978,https://boxd.it/1JRg
2019-11-03,The Nice Guys,2016,https://boxd.it/94Hg
2019-11-03,Pusher III,2005,https://boxd.it/1U7e
2019-11-03,A Separation,2011,https://boxd.it/gvo
2019-11-03,Shoplifters,2018,https://boxd.it/ifY6
2019-11-03,Where Is the Friend's House?,1987,https://boxd.it/ELg
2019-11-03,T2 Trainspotting,2017,https://boxd.it/5vTA
2019-11-03,Call Me by Your Name,2017,https://boxd.it/dYmm
2019-11-03,Up,2009,https://boxd.it/1OEc
2019-11-03,Star Wars: The Last Jedi,2017,https://boxd.it/5xme
2019-11-03,Annihilation,2018,https://boxd.it/9yzm
2019-11-03,Hot Fuzz,2007,https://boxd.it/2416
2019-11-03,The World's End,2013,https://boxd.it/3EiO
2019-11-03,Burning,2018,https://boxd.it/hHUa
2019-11-03,Neon Genesis Evangelion: The End of Evangelion,1997,https://boxd.it/1GRM
2019-11-03,Ghost in the Shell,1995,https://boxd.it/1YYc
2019-11-03,You Were Never Really Here,2017,https://boxd.it/dWOS
2019-11-05,Viridiana,1961,https://boxd.it/24eE
2019-11-05,Tristana,1970,https://boxd.it/1bPg
2019-11-07,Belle de Jour,1967,https://boxd.it/29Uq
2019-11-07,Dekalog,1989,https://boxd.it/bv4u
2019-11-07,The Hunt,2012,https://boxd.it/3wEC
2019-11-07,The Lost City of Z,2016,https://boxd.it/a7jS
2019-11-07,War for the Planet of the Apes,2017,https://boxd.it/8FE2
2019-11-07,Avatar,2009,https://boxd.it/1Efm
2019-11-07,Cruising,1980,https://boxd.it/1qzW
2019-11-09,Él,1953,https://boxd.it/UIM
2019-11-11,Lady Bird,2017,https://boxd.it/dGNE
2019-11-11,Close-Up,1990,https://boxd.it/1m9q
2019-11-11,Captain Fantastic,2016,https://boxd.it/b2K2
2019-11-11,Sunset Boulevard,1950,https://boxd.it/2a20
2019-11-11,American Graffiti,1973,https://boxd.it/29us
2019-11-11,Au Revoir les Enfants,1987,https://boxd.it/288U
2019-11-11,Blazing Saddles,1974,https://boxd.it/1UHQ
2019-11-11,A Clockwork Orange,1971,https://boxd.it/2aVE
2019-11-11,Groundhog Day,1993,https://boxd.it/2b3e
2019-11-11,"Planes, Trains and Automobiles",1987,https://boxd.it/26zE
2019-11-11,Bhavesh Joshi Superhero,2018,https://boxd.it/jaCc
2019-11-11,The Killing of a Sacred Deer,2017,https://boxd.it/dZ5G
2019-11-11,Halloween,2018,https://boxd.it/f0uE
2019-11-11,Don't Torture a Duckling,1972,https://boxd.it/Gfc
2019-11-11,The New York Ripper,1982,https://boxd.it/1koy
2019-11-11,The People Under the Stairs,1991,https://boxd.it/1QMC
2019-11-11,Hereditary,2018,https://boxd.it/hNVe
2019-11-11,Get Out,2017,https://boxd.it/eOCm
2019-11-11,Us,2019,https://boxd.it/gnV6
2019-11-11,The Witch,2015,https://boxd.it/9X0m
2019-11-11,"Play It Again, Sam",1972,https://boxd.it/1TqO
2019-11-11,Sleeper,1973,https://boxd.it/1Tye
2019-11-11,Love and Death,1975,https://boxd.it/1TeS
2019-11-11,Zelig,1983,https://boxd.it/1UOC
2019-11-11,Hannah and Her Sisters,1986,https://boxd.it/23jy
2019-11-11,Phantom Thread,2017,https://boxd.it/e4uc
2019-11-11,Isle of Dogs,2018,https://boxd.it/dZrW
2019-11-11,The Royal Tenenbaums,2001,https://boxd.it/1YHU
2019-11-11,Rushmore,1998,https://boxd.it/1TAO
2019-11-11,Swades,2004,https://boxd.it/1Ly6
2019-11-11,I Origins,2014,https://boxd.it/7aRM
2019-11-11,Another Earth,2011,https://boxd.it/rRA
2019-11-11,Raising Arizona,1987,https://boxd.it/2avQ
2019-11-13,Napoleon,1927,https://boxd.it/WEC
2019-11-13,Decalogue I,1989,https://boxd.it/3WmE
2019-11-13,Decalogue II,1989,https://boxd.it/C8Q
2019-11-13,Decalogue IV,1989,https://boxd.it/C8w
2019-11-13,Decalogue V,1989,https://boxd.it/3Wma
2019-11-13,Decalogue VI,1989,https://boxd.it/3WlQ
2019-11-13,Decalogue VII,1989,https://boxd.it/3WlG
2019-11-13,Decalogue VIII,1989,https://boxd.it/C8m
2019-11-13,Nosferatu the Vampyre,1979,https://boxd.it/21J0
2019-11-13,"Aguirre, the Wrath of God",1972,https://boxd.it/27Fe
2019-11-13,Creep,2014,https://boxd.it/7l4c
2019-11-13,La Jetée,1962,https://boxd.it/29Sk
2019-11-13,Moebius,2013,https://boxd.it/6qce
2019-11-13,Collateral,2004,https://boxd.it/28F0
2019-11-13,High Life,2018,https://boxd.it/d6bk
2019-11-13,Sanjuro,1962,https://boxd.it/1TaQ
2019-11-13,Deadpool 2,2018,https://boxd.it/dlLM
2019-11-13,Columbus,2017,https://boxd.it/eCuA
2019-11-13,The Florida Project,2017,https://boxd.it/dMG0
2019-11-13,Office Space,1999,https://boxd.it/28Em
2019-11-13,Airplane!,1980,https://boxd.it/29yu
2019-11-13,Gully Boy,2019,https://boxd.it/hHXo
2019-11-13,Me and Earl and the Dying Girl,2015,https://boxd.it/9SAE
2019-11-13,Glass,2019,https://boxd.it/g3uO
2019-11-13,Split,2016,https://boxd.it/dgSy
2019-11-13,Chernobyl,2019,https://boxd.it/mkbG
2019-11-13,"Extremely Wicked, Shockingly Evil and Vile",2019,https://boxd.it/glCG
2019-11-13,Black Mirror: Bandersnatch,2018,https://boxd.it/kTDG
2019-11-13,Bohemian Rhapsody,2018,https://boxd.it/f1TK
2019-11-13,Manto,2018,https://boxd.it/iMHC
2019-11-13,Searching,2018,https://boxd.it/hDPg
2019-11-13,Black Mirror: Metalhead,2017,https://boxd.it/hRqk
2019-11-13,Black Mirror: Black Museum,2017,https://boxd.it/hRqu
2019-11-13,Black Mirror: Hang the DJ,2017,https://boxd.it/hQYA
2019-11-13,Black Mirror: Arkangel,2017,https://boxd.it/hQXW
2019-11-13,Black Mirror: USS Callister,2017,https://boxd.it/hQXi
2019-11-13,First Reformed,2017,https://boxd.it/go9C
2019-11-13,Good Time,2017,https://boxd.it/fcFu
2019-11-13,The Meyerowitz Stories (New and Selected),2017,https://boxd.it/dSp0
2019-11-13,The Endless,2017,https://boxd.it/ffyw
2019-11-13,Spring,2014,https://boxd.it/76Sm
2019-11-13,Resolution,2012,https://boxd.it/41hY
2019-11-13,Green Room,2015,https://boxd.it/a75m
2019-11-13,Hold the Dark,2018,https://boxd.it/dQPg
2019-11-13,Wind River,2017,https://boxd.it/dR3i
2019-11-13,Brawl in Cell Block 99,2017,https://boxd.it/dWOo
2019-11-22,The Abominable Dr. Phibes,1971,https://boxd.it/1HMe
2019-11-22,That Obscure Object of Desire,1977,https://boxd.it/22zg
2019-11-22,Simon of the Desert,1965,https://boxd.it/1aXe
2019-11-27,The Phantom of Liberty,1974,https://boxd.it/22VG
2019-11-27,Loveless,2017,https://boxd.it/fcFa
2019-11-28,The Farewell,2019,https://boxd.it/kIky
2019-12-01,Dragon Inn,1967,https://boxd.it/3xGa
2019-12-01,Susana,1951,https://boxd.it/Rq6
2019-12-01,Knives Out,2019,https://boxd.it/jWEA
2019-12-03,Holidays,2016,https://boxd.it/avB2
2019-12-07,The Traitor,2019,https://boxd.it/l8d4
2019-12-07,Jai Bhim Comrade,2012,https://boxd.it/7E04
2019-12-09,Dolemite Is My Name,2019,https://boxd.it/je6E
2019-12-09,Marriage Story,2019,https://boxd.it/hJAw
2019-12-09,The Last Black Man in San Francisco,2019,https://boxd.it/iWAw
2019-12-23,Ready or Not,2019,https://boxd.it/kOf0
2019-12-23,The Nightingale,2018,https://boxd.it/e1Ga
2019-12-23,The Golden Glove,2019,https://boxd.it/ih9k
2019-12-23,Booksmart,2019,https://boxd.it/igNS
2019-12-23,"Father, Son and Holy War",1994,https://boxd.it/8hSa
2019-12-23,The Irishman,2019,https://boxd.it/dYOq
2019-12-24,The Deer Hunter,1978,https://boxd.it/1T6O
2020-01-01,Kramer vs. Kramer,1979,https://boxd.it/h0w
2020-01-01,Blue Jasmine,2013,https://boxd.it/50MI
2020-01-01,Network,1976,https://boxd.it/1VqG
2020-01-11,Who's Afraid of Virginia Woolf?,1966,https://boxd.it/2atK
2020-01-11,Misery,1990,https://boxd.it/28gY
2020-01-11,The Favourite,2018,https://boxd.it/d2hI
2020-01-16,The Piano,1993,https://boxd.it/29Kq
2020-01-16,"Three Billboards Outside Ebbing, Missouri",2017,https://boxd.it/ceBS
2020-01-16,Boys Don't Cry,1999,https://boxd.it/2aPG
2020-01-16,Mildred Pierce,1945,https://boxd.it/25uS
2020-01-16,Klute,1971,https://boxd.it/2ako
2020-01-18,A Woman Under the Influence,1974,https://boxd.it/1myg
2020-01-18,The Killing of a Chinese Bookie,1976,https://boxd.it/1hS6
2020-01-18,Short Cuts,1993,https://boxd.it/29Nk
2020-01-24,The Player,1992,https://boxd.it/1WlM
2020-01-24,Nashville,1975,https://boxd.it/25GE
2020-02-06,Uncut Gems,2019,https://boxd.it/gXGc
2020-02-06,The Man Who Fell to Earth,1976,https://boxd.it/298w
2020-02-09,La Dolce Vita,1960,https://boxd.it/2anC
2020-02-14,The Long Good Friday,1980,https://boxd.it/1NlS
2020-02-14,The Milky Way,1969,https://boxd.it/1cVk
2020-02-16,Rififi,1955,https://boxd.it/29f8
2020-02-16,The Art of Self-Defense,2019,https://boxd.it/hf5y
2020-02-18,Seconds,1966,https://boxd.it/1Dbe
2020-02-27,Oedipus Rex,1967,https://boxd.it/WgK
2020-02-27,Theorem,1968,https://boxd.it/237C
2020-02-29,Accattone,1961,https://boxd.it/1RSw
2020-04-14,The Mission,1999,https://boxd.it/OvW
2020-04-14,The 36th Chamber of Shaolin,1978,https://boxd.it/1SXC
2020-04-14,Election 2,2006,https://boxd.it/1MRe
2020-04-14,Drug War,2012,https://boxd.it/3IcK
2020-04-14,Exiled,2006,https://boxd.it/1Pn2
2020-04-14,Election,2005,https://boxd.it/2lDm
2020-04-14,A Chinese Odyssey Part One: Pandora's Box,1995,https://boxd.it/1Qns
2020-04-14,A Chinese Odyssey Part Two: Cinderella,1995,https://boxd.it/2lzY
2020-04-14,Rapture,1979,https://boxd.it/24f8
2020-04-14,A Better Tomorrow,1986,https://boxd.it/1TLW
2020-04-14,The Killer,1989,https://boxd.it/1Vha
2020-04-14,Hard Boiled,1992,https://boxd.it/1T6a
2020-04-14,The Canterbury Tales,1972,https://boxd.it/22Ky
2020-04-14,Arabian Nights,1974,https://boxd.it/KO6
2020-04-14,Stray Dogs,2013,https://boxd.it/6gL4
2020-04-14,Infernal Affairs,2002,https://boxd.it/1Vqw
2020-04-17,City on Fire,1987,https://boxd.it/XGY
2020-04-17,Young and Dangerous,1996,https://boxd.it/138o
2020-04-17,Mahjong,1996,https://boxd.it/uku
2020-04-17,Made in Hong Kong,1997,https://boxd.it/1uFk
2020-04-18,"Crouching Tiger, Hidden Dragon",2000,https://boxd.it/2b1M
2020-04-19,"Black Coal, Thin Ice",2014,https://boxd.it/7xaw
2020-04-20,Suspiria,2018,https://boxd.it/cioI
2020-04-20,El Topo,1970,https://boxd.it/1QYS
2020-04-21,PTU,2003,https://boxd.it/1vCQ
2020-04-23,Yi Yi,2000,https://boxd.it/1vCw
2020-04-23,A City of Sadness,1989,https://boxd.it/EIm
2020-04-25,Suzhou River,2000,https://boxd.it/1Tsq
2020-04-25,Platform,2000,https://boxd.it/2O0S
2020-05-01,Salaam Bombay!,1988,https://boxd.it/Qhi
2020-05-02,The Lunchbox,2013,https://boxd.it/5MOs
2020-05-02,Long Day's Journey Into Night,2018,https://boxd.it/hw1I
2020-05-05,The Stranger,1991,https://boxd.it/YxS
2020-05-05,The Deliverance,1981,https://boxd.it/3iH8
2020-05-05,Four Lions,2010,https://boxd.it/18do
2020-05-10,The Nest of the Cuckoo Birds,1965,https://boxd.it/bdM4
2020-05-18,Punishment Park,1971,https://boxd.it/1tJK
2020-05-18,Shanty Tramp,1967,https://boxd.it/1cS6
2020-05-18,Night Tide,1961,https://boxd.it/15e4
2020-05-18,"If Footmen Tire You, What Will Horses Do?",1971,https://boxd.it/2Vpq
2020-05-18,Emerald Cities,1983,https://boxd.it/cLNW
2020-05-18,Walk the Walk,1970,https://boxd.it/mqO0
2020-05-18,Murder in Mississippi,1965,https://boxd.it/6hYe
2020-05-18,Guilty Bystander,1950,https://boxd.it/18eG
2020-05-19,The Adversary,1970,https://boxd.it/WKK
2020-05-19,Party,1984,https://boxd.it/4gSA
2020-05-29,Mathilukal,1990,https://boxd.it/7wOq
2020-05-30,Who Killed Eloá?,2015,https://boxd.it/fmsU
2020-05-30,The Man Who Planted Trees,1987,https://boxd.it/FKS
2020-05-30,Joe Pera Talks You to Sleep,2016,https://boxd.it/et36
2020-12-10,Ankhon Dekhi,2013,https://boxd.it/76UC
2020-12-10,Photograph,2019,https://boxd.it/iE22
2020-12-10,Detective Conan: The Phantom of Baker Street,2002,https://boxd.it/1tqo
2020-12-10,Detective Conan: Captured in Her Eyes,2000,https://boxd.it/1D56
2020-12-10,David Lynch Cooks Quinoa,2007,https://boxd.it/Ljok
2020-12-10,Borat Subsequent Moviefilm,2020,https://boxd.it/rNS0
2020-12-10,The Pervert's Guide to Cinema,2005,https://boxd.it/1e48
2020-12-10,The Pervert's Guide to Ideology,2012,https://boxd.it/4bOI
2021-03-20,Baby Driver,2017,https://boxd.it/bhF2
2021-03-20,The Raid,2011,https://boxd.it/3hBy
2021-03-20,SPL: Kill Zone,2005,https://boxd.it/1QLO
2022-07-24,The Vanishing,1988,https://boxd.it/1ZTW
2022-07-24,Possessor,2020,https://boxd.it/fsJW
2022-07-24,"The Good, the Bad and the Ugly",1966,https://boxd.it/2ape
2022-07-24,"Duck, You Sucker",1971,https://boxd.it/2ayU
2022-07-24,Fireworks,1997,https://boxd.it/22mQ
2022-07-29,The Rider,2017,https://boxd.it/gazw
2022-07-29,Under the Banner of Heaven,2022,https://boxd.it/zMlA
2022-07-29,Mare of Easttown,2021,https://boxd.it/u2h8
2022-08-17,Caché,2005,https://boxd.it/2amY
2023-01-02,Bringing Out the Dead,1999,https://boxd.it/1ZZK
2023-02-10,Demons,1971,https://boxd.it/3yiy
2023-02-10,Kwaidan,1964,https://boxd.it/1kbY
2023-02-10,Cure,1997,https://boxd.it/1blA
2023-02-11,Big Little Lies,2017,https://boxd.it/fYde
2023-03-04,The Eternal Daughter,2022,https://boxd.it/tJnG
2023-03-04,Midnight in Paris,2011,https://boxd.it/i4a
2023-07-29,The Black Phone,2021,https://boxd.it/sqFE
2023-07-30,Barbie,2023,https://boxd.it/bCLK
2023-07-30,Titane,2021,https://boxd.it/nlQC
2023-07-30,Over the Garden Wall,2014,https://boxd.it/eqFw
2023-08-19,Johnny Gaddaar,2007,https://boxd.it/1E1a
2023-08-19,Mithya,2008,https://boxd.it/1BGO
2023-08-19,Gol Maal,1979,https://boxd.it/1m2k
2023-08-19,Naram Garam,1981,https://boxd.it/2Z3S
2023-08-19,Chupke Chupke,1975,https://boxd.it/1BRM
2023-08-19,Anand,1971,https://boxd.it/1uhM
2023-08-19,Namak Haraam,1973,https://boxd.it/50a0
2023-08-19,Kissi Se Na Kehna,1983,https://boxd.it/uJO
2023-08-19,Chashme Buddoor,1981,https://boxd.it/g8E
2023-08-19,Katha,1982,https://boxd.it/5zWI
2023-08-19,Rajnigandha,1974,https://boxd.it/3ElS
2023-08-25,Manorama Six Feet Under,2007,https://boxd.it/Ngc
2023-08-26,Bheja Fry,2007,https://boxd.it/1Mio
2023-08-26,No Smoking,2007,https://boxd.it/1b5W
2023-09-28,Pulse,2001,https://boxd.it/1s3y
2023-10-08,Retribution,2006,https://boxd.it/NO4
2023-10-19,One Child Nation,2019,https://boxd.it/kL0Q
2023-10-23,Charisma,1999,https://boxd.it/2ogU
2023-10-23,Persona,1966,https://boxd.it/29B4
2023-10-23,The Tenant,1976,https://boxd.it/1TKk
2023-10-23,Lady Vengeance,2005,https://boxd.it/248G
2023-10-23,Sympathy for Mr. Vengeance,2002,https://boxd.it/23WU
2023-10-23,Enter the Dragon,1973,https://boxd.it/1YCA
2023-10-23,Ip Man,2008,https://boxd.it/1NrQ
2023-10-23,The Third Man,1949,https://boxd.it/294E
2023-10-23,The Truman Show,1998,https://boxd.it/18U8
2023-10-23,Army of Darkness,1992,https://boxd.it/29G4
2023-10-23,The Lost Boys,1987,https://boxd.it/28DI
2023-10-23,It Follows,2014,https://boxd.it/87wo
2023-10-23,Donnie Darko,2001,https://boxd.it/2b2A
2023-10-23,Okja,2017,https://boxd.it/dvXe
2023-10-23,A Ghost Story,2017,https://boxd.it/fb0K
2023-10-23,Ghost in the Shell,2017,https://boxd.it/abTA
2023-10-23,Attack the Block,2011,https://boxd.it/hFO
2023-10-23,Captain America: Civil War,2016,https://boxd.it/89Ja
2023-10-23,Enemy,2013,https://boxd.it/5xtO
2023-10-23,Die Hard,1988,https://boxd.it/2a7u
2023-10-23,The Room,2003,https://boxd.it/1ICY
2023-10-23,Grave of the Fireflies,1988,https://boxd.it/1RUM
2023-10-23,Life of Brian,1979,https://boxd.it/2a4q
2023-10-23,A Nightmare on Elm Street,1984,https://boxd.it/2aw0
2023-10-23,Pretty Woman,1990,https://boxd.it/2b6M
2023-10-23,A Trip to the Moon,1902,https://boxd.it/29EC
2023-10-23,Ace Ventura: Pet Detective,1994,https://boxd.it/25RW
2023-10-23,"South Park: Bigger, Longer & Uncut",1999,https://boxd.it/1YAO
2023-10-23,Lone Wolf and Cub: Sword of Vengeance,1972,https://boxd.it/Zia
2023-10-23,Logan,2017,https://boxd.it/7Piy
2023-10-23,Scary Movie,2000,https://boxd.it/24CG
2023-10-23,Brother Bear,2003,https://boxd.it/1Xjs
2023-10-23,Singin' in the Rain,1952,https://boxd.it/29oY
2023-10-23,(500) Days of Summer,2009,https://boxd.it/1EmM
2023-10-23,An American Werewolf in London,1981,https://boxd.it/29yk
2023-10-23,Salem's Lot,1979,https://boxd.it/1U58
2023-10-23,True Lies,1994,https://boxd.it/19pq
2023-10-23,The 13th Warrior,1999,https://boxd.it/27Ss
2023-10-23,Willy Wonka & the Chocolate Factory,1971,https://boxd.it/2aLu
2023-10-23,Kung Fury,2015,https://boxd.it/7mSM
2023-10-23,Speed,1994,https://boxd.it/28qk
2023-10-23,Children of Men,2006,https://boxd.it/1Y2i
2023-10-23,The Imitation Game,2014,https://boxd.it/6aig
2023-10-23,Memories,1995,https://boxd.it/Vz2
2023-10-23,Blood Diamond,2006,https://boxd.it/28Tm
2023-10-23,Lifeforce,1985,https://boxd.it/1SGw
2023-10-23,Slumdog Millionaire,2008,https://boxd.it/1S3E
2023-10-23,The Princess Bride,1987,https://boxd.it/26EY
2023-10-23,Napoleon Dynamite,2004,https://boxd.it/20wu
2023-10-23,Moon,2009,https://boxd.it/1IGQ
2023-10-23,Killing Them Softly,2012,https://boxd.it/IQ
2023-10-23,Divergent,2014,https://boxd.it/4VT0
2023-10-23,DragonHeart,1996,https://boxd.it/1ZMm
2023-10-23,The Return of the Living Dead,1985,https://boxd.it/1V3W
2023-10-23,The Descent,2005,https://boxd.it/1YNy
2023-10-23,50/50,2011,https://boxd.it/10Tw
2023-10-23,Casino,1995,https://boxd.it/2ads
2023-10-23,Chicken Run,2000,https://boxd.it/20Xg
2023-10-23,The Hangover,2009,https://boxd.it/1GjK
2023-10-23,R.I.P.D.,2013,https://boxd.it/FQQ
2023-10-23,Green Lantern,2011,https://boxd.it/QN4
2023-10-23,The Jungle Book,1967,https://boxd.it/1YY2
2023-10-23,Night at the Museum,2006,https://boxd.it/28wi
2023-10-23,Snatch,2000,https://boxd.it/2b7U
2023-10-23,Ghost World,2001,https://boxd.it/28Dy
2023-10-23,There Will Be Blood,2007,https://boxd.it/20Z2
2023-10-23,Arrival,2016,https://boxd.it/aNGk
2023-10-23,A Few Good Men,1992,https://boxd.it/29nw
2023-10-23,Nightmare at Shadow Woods,1987,https://boxd.it/1pSI
2023-10-23,Kill List,2011,https://boxd.it/2z4g
2023-10-23,Charlie and the Chocolate Factory,2005,https://boxd.it/2b68
2023-10-23,Edge of Tomorrow,2014,https://boxd.it/4pD0
2023-10-23,The Road,2009,https://boxd.it/1CWI
2023-10-23,Spotlight,2015,https://boxd.it/a84k
2023-10-23,The Maltese Falcon,1941,https://boxd.it/29c4
2023-10-23,Poltergeist,1982,https://boxd.it/2a0o
2023-10-23,Alien,1979,https://boxd.it/2awY
2023-10-23,Jennifer's Body,2009,https://boxd.it/1Efw
2023-10-23,Lost Highway,1997,https://boxd.it/29Wc
2023-10-23,Brazil,1985,https://boxd.it/2be2
2023-10-23,Equilibrium,2002,https://boxd.it/211s
2023-10-23,Constantine,2005,https://boxd.it/2a7E
2023-10-23,Finding Nemo,2003,https://boxd.it/72i
2023-10-23,Little Miss Sunshine,2006,https://boxd.it/29EW
2023-10-23,Contagion,2011,https://boxd.it/13rq
2023-10-23,Percy Jackson: Sea of Monsters,2013,https://boxd.it/2D8m
2023-10-23,The Magnificent Seven,1960,https://boxd.it/29bA
2023-10-23,In the Mouth of Madness,1994,https://boxd.it/26vi
2023-10-23,Now You See Me,2013,https://boxd.it/2Bsu
2023-10-23,Prisoners,2013,https://boxd.it/4E5i
2023-10-23,I Don't Feel at Home in This World Anymore,2017,https://boxd.it/f42u
2023-10-23,Identity,2003,https://boxd.it/26e2
2023-10-23,Repo Man,1984,https://boxd.it/1Plg
2023-10-23,This Is Spinal Tap,1984,https://boxd.it/1UOs
2023-10-23,Invasion of the Body Snatchers,1956,https://boxd.it/1TAa
2023-10-23,Peeping Tom,1960,https://boxd.it/1Utk
2023-10-23,Happiness,1998,https://boxd.it/1VEe
2023-10-23,Mr. Nobody,2009,https://boxd.it/1k44
2023-10-23,Bronson,2008,https://boxd.it/1GM8
2023-10-23,Elephant,2003,https://boxd.it/287i
2023-10-23,Deadpool,2016,https://boxd.it/9fOC
2023-10-23,Christine,1983,https://boxd.it/1ZRQ
2023-10-23,Fright Night,1985,https://boxd.it/1T4e
2023-10-23,Dancer in the Dark,2000,https://boxd.it/71E
2023-10-23,Dumb and Dumber,1994,https://boxd.it/206m
2023-10-23,Burn After Reading,2008,https://boxd.it/23BW
2023-10-23,Upstream Color,2013,https://boxd.it/4Cwc
2023-10-23,Bernie,2011,https://boxd.it/3eWe
2023-10-23,On the Waterfront,1954,https://boxd.it/29TC
2023-10-23,The Panic in Needle Park,1971,https://boxd.it/1rwu
2023-10-23,Onibaba,1964,https://boxd.it/252a
2023-10-23,Personal Shopper,2016,https://boxd.it/bkGM
2023-10-23,Batman: The Killing Joke,2016,https://boxd.it/djxe
2023-10-25,Midnight Mass,2021,https://boxd.it/wvVA
2023-10-27,The Autopsy,2022,https://boxd.it/Dkgg
2023-10-27,Rabbits,2002,https://boxd.it/SaI
2023-10-27,The Viewing,2022,https://boxd.it/Dkhy
2023-10-27,The Murmuring,2022,https://boxd.it/DkhI
2023-10-27,Paranoia Agent,2004,https://boxd.it/lPy0
2023-10-27,The Night Of,2016,https://boxd.it/eC1I
2023-10-27,"Love, Death & Robots: Bad Travelling",2022,https://boxd.it/BykM
2023-10-27,The Keepers,2017,https://boxd.it/gmVu
2023-11-03,The Haunting of Hill House,2018,https://boxd.it/kfJ0
2023-11-03,BEEF,2023,https://boxd.it/FPsm
2023-11-04,What We Do in the Shadows,2014,https://boxd.it/7eQy
2023-11-05,Bad Lieutenant,1992,https://boxd.it/1Src
2023-11-05,The Addiction,1995,https://boxd.it/1cZQ
2023-11-05,"Love, Death & Robots: Jibaro",2022,https://boxd.it/EqO6
2023-11-06,Killers of the Flower Moon,2023,https://boxd.it/gHp0
2023-11-10,The Innocents,1961,https://boxd.it/1KeY
2023-11-11,Creepy,2016,https://boxd.it/dfd0
2023-11-13,Serpent's Path,1998,https://boxd.it/3wWc
2023-11-19,A Warning to the Curious,1972,https://boxd.it/3Gek
2023-11-19,The Signalman,1976,https://boxd.it/3CQa
2023-11-19,Lost Hearts,1973,https://boxd.it/2oXE
2023-12-02,Black Dynamite,2009,https://boxd.it/1wX6
2024-01-03,Choked: Paisa Bolta Hai,2020,https://boxd.it/qqWQ
2024-01-03,Caliber 9,1972,https://boxd.it/12Fm
2024-01-04,Trouble in Paradise,1932,https://boxd.it/2aU2
2024-04-03,Triangle of Sadness,2022,https://boxd.it/hXlq
2024-04-03,Dream Scenario,2023,https://boxd.it/v2h0
2024-04-03,Close Encounters of the Third Kind,1977,https://boxd.it/29u8
2024-04-03,The Apartment,1960,https://boxd.it/2aGE
2024-04-21,The Driver,1978,https://boxd.it/27jW
2024-04-28,California Split,1974,https://boxd.it/1hRs
2024-04-28,The Long Goodbye,1973,https://boxd.it/281O
2024-05-03,The Friends of Eddie Coyle,1973,https://boxd.it/1vki
2024-05-05,Little Murders,1971,https://boxd.it/1rL0
2024-05-06,Sorcerer,1977,https://boxd.it/14J6
2024-05-08,Good Morning,1959,https://boxd.it/2lkk
2024-05-08,Investigation of a Citizen Above Suspicion,1970,https://boxd.it/1tRY
2024-05-10,A Hero,2021,https://boxd.it/p2zw
2024-05-11,I'm Thinking of Ending Things,2020,https://boxd.it/i4IQ
2024-05-11,Train to Busan,2016,https://boxd.it/dSQU
2024-05-11,The French Connection,1971,https://boxd.it/296g
2024-05-11,Little Women,2019,https://boxd.it/aSVk
2024-05-11,Yojimbo,1961,https://boxd.it/1SRY
2024-05-11,Bicycle Thieves,1948,https://boxd.it/23hW
2024-05-11,Good Will Hunting,1997,https://boxd.it/2ahY
2024-05-11,Dead Poets Society,1989,https://boxd.it/2aSg
2024-05-11,Rashomon,1950,https://boxd.it/2a9K
2024-05-14,Making The Leftovers,2014,https://boxd.it/oS0m
2024-05-17,Late Night with the Devil,2023,https://boxd.it/zo6G
2024-05-18,X,2022,https://boxd.it/sxVa
2024-05-19,Pearl,2022,https://boxd.it/zPbe
2024-05-19,Chime,2024,https://boxd.it/KiS2
2024-05-19,Seventh Code,2013,https://boxd.it/7kC8
2024-05-19,Sonatine,1993,https://boxd.it/20TI
2024-05-26,The Sting,1973,https://boxd.it/1Z5s
2024-05-27,Tampopo,1985,https://boxd.it/1SZe
2024-05-27,Séance,2000,https://boxd.it/1r4A
2024-06-01,The Treasure of the Sierra Madre,1948,https://boxd.it/25Lk
2024-06-01,Anatomy of a Fall,2023,https://boxd.it/yuDE
2024-06-01,Full Metal Jacket,1987,https://boxd.it/2a1Q
2024-06-07,Amadeus,1984,https://boxd.it/2aH8
2024-06-13,God Told Me To,1976,https://boxd.it/1iN2
2024-06-13,Mad Max,1979,https://boxd.it/1Y7i
2024-06-14,Mad Max 2,1981,https://boxd.it/1ZPg
2024-07-29,Monster,2004,https://boxd.it/py6Q
2024-10-16,Nope,2022,https://boxd.it/sDCe
2024-10-16,Diabolique,1955,https://boxd.it/29we
2024-10-18,The Servant,1963,https://boxd.it/VAa
2024-11-28,Mad God,2021,https://boxd.it/vVPm
2024-11-29,Drunken Master,1978,https://boxd.it/1Ujk
2024-11-29,Food,1992,https://boxd.it/gkA
2024-12-02,Interface,2022,https://boxd.it/DDhs
2024-12-04,Raat Akeli Hai,2020,https://boxd.it/lHSc
2024-12-20,Monkey Man,2024,https://boxd.it/kvsO
2024-12-28,The Virgin Spring,1960,https://boxd.it/1TjI
2024-12-28,Beau Travail,1999,https://boxd.it/1NI8
2024-12-29,The Watermelon Woman,1996,https://boxd.it/RRc
2024-12-31,Dead Man's Shoes,2004,https://boxd.it/1R6C
2024-12-31,Elephant,1989,https://boxd.it/19aU
2024-12-31,Paranoid Park,2007,https://boxd.it/27GQ
2024-12-31,Zoolander,2001,https://boxd.it/1YMA
2024-12-31,This Is England,2006,https://boxd.it/1T44
2025-01-02,Tapping the Wire,2007,https://boxd.it/vl2e
2025-01-02,Made in Britain,1983,https://boxd.it/1ie2
2025-02-08,Withnail & I,1987,https://boxd.it/1Qa4
2025-03-31,Loving Vincent,2017,https://boxd.it/biIQ
2025-05-22,Upgrade,2018,https://boxd.it/i4gW
2025-05-22,I'm Here,2010,https://boxd.it/19aA
2025-05-30,RoboCop,1987,https://boxd.it/22Wu
2025-05-31,Starship Troopers,1997,https://boxd.it/2a7k
2025-05-31,Total Recall,1990,https://boxd.it/29qK
2025-05-31,No Other Land,2024,https://boxd.it/KOTG
2025-05-31,Showgirls,1995,https://boxd.it/1Vmk
2025-06-02,Do the Right Thing,1989,https://boxd.it/29gA
2025-06-03,White Men Can't Jump,1992,https://boxd.it/1WWy
2025-06-03,To Sleep with Anger,1990,https://boxd.it/3iqG
2025-06-06,Bamboozled,2000,https://boxd.it/1xfa
2025-06-10,Summer of Sam,1999,https://boxd.it/1WE0
2025-06-11,Clockers,1995,https://boxd.it/1D7w
2025-06-12,Ex Machina,2015,https://boxd.it/7T2k
2025-06-13,Fearless,1993,https://boxd.it/1WfE
2025-06-13,After Yang,2021,https://boxd.it/lx5a
2025-06-13,Neon Genesis Evangelion,1995,https://boxd.it/ptEI
2025-06-13,Cowboy Bebop,1998,https://boxd.it/ptES
2025-06-13,PLUTO,2023,https://boxd.it/Jo62
2025-06-13,Looper,2012,https://boxd.it/ham
2025-06-13,"Love, Death & Robots: Zima Blue",2019,https://boxd.it/lJGM
2025-06-18,Thingu,2012,https://boxd.it/FyGQ
2025-06-18,Too Many Cooks,2014,https://boxd.it/9AIK
2025-06-18,"Batman: The Dark Knight Returns, Part 2",2013,https://boxd.it/4xzg
2025-06-28,Born in Flames,1983,https://boxd.it/19IC
2025-06-30,Crooklyn,1994,https://boxd.it/1efg
2025-06-30,Multi-Facial,1995,https://boxd.it/1LuI
2025-07-01,Dimensions of Dialogue,1983,https://boxd.it/1FPq
2025-07-02,Menace II Society,1993,https://boxd.it/1Yuc
2025-07-03,Blue Collar,1978,https://boxd.it/1Nhm
2025-07-04,Possibly in Michigan,1983,https://boxd.it/aXA2
2025-07-04,Bad Axe,2022,https://boxd.it/zd8m
2025-07-06,Brighter Days Ahead,2025,https://boxd.it/Tyru
2025-07-06,Threads,1984,https://boxd.it/1I0g
2025-07-06,Scavengers,2016,https://boxd.it/fmFu
2025-07-06,The Web,2013,https://boxd.it/cjy0
2025-07-06,Un Chien Andalou,1929,https://boxd.it/29Y8
2025-07-06,Ice Merchants,2022,https://boxd.it/Arx8
2025-07-06,Old Fangs,2009,https://boxd.it/4ddE
2025-07-07,Twins in Paradise,2020,https://boxd.it/qPOW
2025-07-07,Puparia,2020,https://boxd.it/sNym
2025-07-07,La Maison en Petits Cubes,2008,https://boxd.it/1D06
2025-07-08,Catopolis,2022,https://boxd.it/BcpK
2025-07-08,The Danish Poet,2006,https://boxd.it/15yI
2025-07-09,Death to the Tinman,2007,https://boxd.it/4Z96
2025-07-09,The Beast,2020,https://boxd.it/sorU
2025-07-09,That One Day,2016,https://boxd.it/eAue
2025-07-09,Rebooted,2019,https://boxd.it/nhco
2025-07-09,Mind the Gap,2016,https://boxd.it/dmFq
2025-07-09,Michael Jackson's Thriller,1983,https://boxd.it/3e76
2025-07-09,Don't Hug Me I'm Scared,2011,https://boxd.it/4afW
2025-07-10,Hair Love,2019,https://boxd.it/lI1I
2025-07-10,Cat City,2017,https://boxd.it/gOdK
2025-07-10,Horsin' Around,2015,https://boxd.it/igxg
2025-07-10,The Day Dorival Faced the Guard,1986,https://boxd.it/5Mn2
2025-07-10,Barbosa,1988,https://boxd.it/5MmS
2025-07-10,Isle of Flowers,1989,https://boxd.it/POU
2025-07-10,The Sandwich,2000,https://boxd.it/8jQ6
2025-07-10,This Is Not Your Life,1991,https://boxd.it/aTAM
2025-07-10,Save Ralph,2021,https://boxd.it/ux2o
2025-07-10,Apneia,2019,https://boxd.it/mkwY
2025-08-01,Oye Lucky! Lucky Oye!,2008,https://boxd.it/1L62
2025-08-01,Khosla Ka Ghosla!,2006,https://boxd.it/1Mie
2025-08-15,Jumanji,1995,https://boxd.it/1ZLI
2025-11-02,Ran,1985,https://boxd.it/1Tlu
2025-11-08,Phantom of the Paradise,1974,https://boxd.it/1s34
2025-11-09,X: The Man with the X-Ray Eyes,1963,https://boxd.it/1gVI
2025-11-15,Whistle and I'll Come to You,1968,https://boxd.it/9cRS
2025-11-16,The Big Lebowski,1998,https://boxd.it/2b6C
2025-11-16,The Banshees of Inisherin,2022,https://boxd.it/p7XS
2025-11-24,Omkara,2006,https://boxd.it/1Ny8
2025-11-24,Maqbool,2003,https://boxd.it/1CbM
2025-11-27,The Mask,1994,https://boxd.it/29rS
2025-11-27,Bruce Almighty,2003,https://boxd.it/2aCC
2025-11-27,A Christmas Carol,2009,https://boxd.it/1HKW
2025-11-28,The Man Who Feels No Pain,2018,https://boxd.it/jK5y
2025-11-30,Nanpakal Nerathu Mayakkam,2022,https://boxd.it/x5xO
2025-11-30,Super Deluxe,2019,https://boxd.it/fjRW
2025-12-07,Thondimuthalum Driksakshiyum,2017,https://boxd.it/grc0
2025-12-07,Aatmapamphlet,2023,https://boxd.it/EI04
2025-12-08,Aaranya Kaandam,2011,https://boxd.it/3Xc6
2025-12-09,Thalapathi,1991,https://boxd.it/1mDg
2025-12-22,Maheshinte Prathikaaram,2016,https://boxd.it/dhEM
2025-12-23,Vidheyan,1994,https://boxd.it/7yqq
2026-01-11,Joji,2021,https://boxd.it/tMgS
2026-01-11,Kaun?,1999,https://boxd.it/4y6Y
2026-01-11,Wallace & Gromit: Vengeance Most Fowl,2024,https://boxd.it/z14C
2026-01-11,Wallace & Gromit: The Curse of the Were-Rabbit,2005,https://boxd.it/2ac0
2026-01-11,Om Shanti Om,2007,https://boxd.it/20zy
2026-01-11,Kabhi Khushi Kabhie Gham,2001,https://boxd.it/1Vtg
2026-01-11,Dilwale Dulhania Le Jayenge,1995,https://boxd.it/1F9k
2026-01-11,Kal Ho Naa Ho,2003,https://boxd.it/24By
2026-01-11,Kuch Kuch Hota Hai,1998,https://boxd.it/1SVG
2026-01-11,My Name Is Khan,2010,https://boxd.it/1uD4
2026-01-11,Rab Ne Bana Di Jodi,2008,https://boxd.it/1OOG
2026-01-11,Chennai Express,2013,https://boxd.it/69tM
2026-01-11,Veer-Zaara,2004,https://boxd.it/24C2
2026-01-11,Main Hoon Na,2004,https://boxd.it/1OHA
2026-01-11,Chak De! India,2007,https://boxd.it/1ODI
2026-01-11,Ra.One,2011,https://boxd.it/ZbS
2026-01-11,Don,2006,https://boxd.it/1IAI
2026-01-11,Don 2,2011,https://boxd.it/10am
2026-01-11,Bhoothnath,2008,https://boxd.it/1L6c
2026-01-11,Billu,2009,https://boxd.it/1Kj0
2026-01-11,3 Idiots,2009,https://boxd.it/1Dsa
2026-01-11,Like Stars on Earth,2007,https://boxd.it/20SA
2026-01-11,Lagaan: Once Upon a Time in India,2001,https://boxd.it/1EII
2026-01-11,Ghajini,2008,https://boxd.it/1OP0
2026-01-11,Rang De Basanti,2006,https://boxd.it/20KG
2026-01-11,Talaash,2012,https://boxd.it/33ae
2026-01-11,Delhi Belly,2011,https://boxd.it/2gEk
2026-01-11,Fanaa,2006,https://boxd.it/207O
2026-01-11,Ajab Prem Ki Ghazab Kahani,2009,https://boxd.it/1wUm
2026-01-11,Tees Maar Khan,2010,https://boxd.it/O5Y
2026-01-11,Dabangg,2010,https://boxd.it/RZ6
2026-01-11,Ready,2011,https://boxd.it/2la
2026-01-11,Wanted,2009,https://boxd.it/1Aa8
2026-01-11,Baghban,2003,https://boxd.it/136M
2026-01-11,God Tussi Great Ho,2008,https://boxd.it/1usq
2026-01-11,Hera Pheri,2000,https://boxd.it/1BBO
2026-01-11,Welcome,2007,https://boxd.it/1DLc
2026-01-11,OMG: Oh My God!,2012,https://boxd.it/4nuA
2026-01-11,Phir Hera Pheri,2006,https://boxd.it/1DCk
2026-01-13,Guillermo del Toro's Pinocchio,2022,https://boxd.it/kjMW
2026-01-13,The Naked Island,1960,https://boxd.it/2520
2026-01-13,Growing Up,1983,https://boxd.it/5q4i
2026-01-13,M,1931,https://boxd.it/29vq
2026-01-14,Court,2014,https://boxd.it/96Fm
2026-01-14,Ramayana: The Legend of Prince Rama,1993,https://boxd.it/2XxG
2026-01-14,Ardh Satya,1983,https://boxd.it/3vQi
2026-01-14,Conclave,2024,https://boxd.it/AO8q
2026-01-15,Kadaisi Vivasayi,2021,https://boxd.it/mGrm
2026-01-15,C/o Kancharapalem,2018,https://boxd.it/jSlk
2026-01-16,Kumbalangi Nights,2019,https://boxd.it/l8wA
2026-01-16,Stolen,2023,https://boxd.it/HJAe
2026-01-16,Kubo and the Two Strings,2016,https://boxd.it/a4wE
2026-01-17,Rapture,2023,https://boxd.it/Hoqi
2026-01-18,Juice,2017,https://boxd.it/hTsi
2026-01-18,Bulbul Can Sing,2018,https://boxd.it/jP6m
2026-01-18,Infiltrator,2016,https://boxd.it/xIfa
2026-01-18,Dhuin,2022,https://boxd.it/yV2K
2026-01-19,"Love, Death & Robots: The Witness",2019,https://boxd.it/lFO8
2026-01-19,"Love, Death & Robots: Three Robots",2019,https://boxd.it/lECK
2026-01-19,"Love, Death & Robots: Sonnie's Edge",2019,https://boxd.it/lECg
2026-01-19,"Love, Death & Robots: Good Hunting",2019,https://boxd.it/lJFO
2026-01-19,"Love, Death & Robots: The Secret War",2019,https://boxd.it/lN0g
2026-01-19,"Love, Death & Robots: Mason's Rats",2022,https://boxd.it/AW76
2026-01-19,"Love, Death & Robots: The Drowned Giant",2021,https://boxd.it/vdRo
2026-01-19,"Love, Death & Robots: Beyond the Aquila Rift",2019,https://boxd.it/lGTe
2026-01-19,"Love, Death & Robots: Night of the Mini Dead",2022,https://boxd.it/AW6s
2026-01-19,"Love, Death & Robots: The Very Pulse of the Machine",2022,https://boxd.it/AW5O
2026-01-19,"Love, Death & Robots: Snow in the Desert",2021,https://boxd.it/vhLO
2026-01-19,"Love, Death & Robots: Helping Hand",2019,https://boxd.it/lJGW
2026-01-19,"Love, Death & Robots: Sucker of Souls",2019,https://boxd.it/lFOW
2026-01-19,"Love, Death & Robots: When the Yogurt Took Over",2019,https://boxd.it/lFSY
2026-01-19,"Love, Death & Robots: The Dump",2019,https://boxd.it/lJGi
2026-01-19,"Love, Death & Robots: Shape-Shifters",2019,https://boxd.it/lJFY
2026-01-19,"Love, Death & Robots: Fish Night",2019,https://boxd.it/lJGs
2026-01-19,"Love, Death & Robots: Lucky 13",2019,https://boxd.it/lJGC
2026-01-19,"Love, Death & Robots: Blindspot",2019,https://boxd.it/lJH6
2026-01-19,"Love, Death & Robots: Ice",2021,https://boxd.it/vhLu
2026-01-19,"Love, Death & Robots: Pop Squad",2021,https://boxd.it/vhLE
2026-01-19,"Love, Death & Robots: Kill Team Kill",2022,https://boxd.it/AW6M
2026-01-19,"Love, Death & Robots: Swarm",2022,https://boxd.it/AW84
2026-01-19,"Love, Death & Robots: In Vaulted Halls Entombed",2022,https://boxd.it/AW7A
2026-01-19,Black Mirror: The Entire History of You,2011,https://boxd.it/hQZ4
2026-01-19,Black Mirror: Be Right Back,2013,https://boxd.it/hRpw
2026-01-19,Black Mirror: The Waldo Moment,2013,https://boxd.it/hRpQ
2026-01-19,Black Mirror: Nosedive,2016,https://boxd.it/hK9G
2026-01-19,Black Mirror: Shut Up and Dance,2016,https://boxd.it/hRRq
2026-01-19,Sholay,1975,https://boxd.it/1Saq
2026-01-19,English Vinglish,2012,https://boxd.it/3Weq
2026-01-19,Deewaar,1975,https://boxd.it/1AxG
2026-01-19,Don,1978,https://boxd.it/1g6A
2026-01-19,Lakshya,2004,https://boxd.it/1Ckk
2026-01-19,Mohabbatein,2000,https://boxd.it/1TFa
2026-01-19,Khakee,2004,https://boxd.it/1Bxs
2026-01-19,Rann,2010,https://boxd.it/1j48
2026-01-19,Aankhen,2002,https://boxd.it/1BdM
2026-01-19,Paa,2009,https://boxd.it/1tYA
2026-01-19,Bunty Aur Babli,2005,https://boxd.it/1T8U
2026-01-19,Kaante,2002,https://boxd.it/1bJs
2026-01-19,Delhi-6,2009,https://boxd.it/1EbO
2026-01-19,Waqt,2005,https://boxd.it/1jgo
2026-01-19,Sooryavansham,1999,https://boxd.it/5QWK
2026-01-19,Zindagi Na Milegi Dobara,2011,https://boxd.it/efo
2026-01-19,Dhoom 2,2006,https://boxd.it/1OAa
2026-01-19,Krrish,2006,https://boxd.it/1gCw
2026-01-19,Koi... Mil Gaya,2003,https://boxd.it/1vFg
2026-01-19,Devdas,2002,https://boxd.it/1Leq
2026-01-19,Josh,2000,https://boxd.it/4hLq
2026-01-19,Kismat Konnection,2008,https://boxd.it/1MbM
2026-01-19,Andaz Apna Apna,1994,https://boxd.it/l4C
2026-01-19,Bodyguard,2011,https://boxd.it/2vV6
2026-01-19,Mujhse Shaadi Karogi,2004,https://boxd.it/1Dos
2026-01-19,Partner,2007,https://boxd.it/1s6W
2026-01-19,Dabangg 2,2012,https://boxd.it/4FYI
2026-01-19,Jaan-E-Mann,2006,https://boxd.it/isG
2026-01-19,Maine Pyaar Kyun Kiya?,2005,https://boxd.it/14cm
2026-01-19,Veer,2010,https://boxd.it/2l8y
2026-01-19,Hello Brother,1999,https://boxd.it/13Tk
2026-01-19,Yuvvraaj,2008,https://boxd.it/1DCu
2026-01-19,Toy Story,1995,https://boxd.it/29qA
2026-01-19,"Monsters, Inc.",2001,https://boxd.it/2a46
2026-01-19,The Incredibles,2004,https://boxd.it/1XLm
2026-01-19,Cars,2006,https://boxd.it/29ho
2026-01-19,Frankenweenie,1984,https://boxd.it/1eFy
2026-01-19,"Honey, I Shrunk the Kids",1989,https://boxd.it/1YTw
2026-01-19,Aladdin,1992,https://boxd.it/29yE
2026-01-19,George of the Jungle,1997,https://boxd.it/1VQO
2026-01-19,Tarzan,1999,https://boxd.it/18YO
2026-01-19,The Chronicles of Narnia: Prince Caspian,2008,https://boxd.it/26Hy
2026-01-19,Iron Man,2008,https://boxd.it/28dA
2026-01-19,The Incredible Hulk,2008,https://boxd.it/28dU
2026-01-19,Thor,2011,https://boxd.it/1WQU
2026-01-19,Fuckkkyouuu,2016,https://boxd.it/dbLC
2026-01-19,Canis,2013,https://boxd.it/bSwm
2026-01-19,Jiminy,2013,https://boxd.it/dl5Q
2026-01-19,Code 8,2016,https://boxd.it/dA0G
2026-01-19,Bahadur the Brave,2023,https://boxd.it/HY3a
2026-01-20,Sunday,2020,https://boxd.it/qj9i
2026-01-20,Garbage,2018,https://boxd.it/i4We
2026-01-22,The Kashmir Files,2022,https://boxd.it/y2wU
2026-01-24,Eko,2025,https://boxd.it/EuuY
